2020,2021,account,accounting,bought,customer,data,does,help,invoice,paid,quickbooks,software,tables,tax,think,time,use,version,work
0.0,0.0,0.0,0.632922163464195,0.0,0.0,0.0,0.0,0.0,0.0,0.0,0.5106376162809072,0.5106376162809072,0.0,0.0,0.1702125387603024,0.0,0.1412917830988549,0.1702125387603024,0.0
0.0,0.0,0.0,0.0,0.0,0.0,0.0,0.0,0.0,0.0,0.0,0.0,0.0,0.0,0.0,0.0,0.0,1.0,0.0,0.0
0.0,0.0,0.8209475351086516,0.0,0.0,0.0,0.2207784340732145,0.2207784340732145,0.0,0.0,0.0,0.2207784340732145,0.2207784340732145,0.0,0.0,0.0,0.2207784340732145,0.18326604401280858,0.0,0.2207784340732145
0.1890066487626074,0.3780132975252148,0.0,0.0,0.28350997314391113,0.28350997314391113,0.07624468706951863,0.15248937413903726,0.28350997314391113,0.3780132975252148,0.28350997314391113,0.0,0.0,0.3780132975252148,0.28350997314391113,0.07624468706951863,0.15248937413903726,0.0,0.22873406120855588,0.15248937413903726
0.0,0.0,0.0,0.0,0.0,0.0,0.0,0.0,0.0,0.0,0.0,0.0,0.0,0.0,0.0,0.0,0.0,0.0,0.0,0.0
